/*
Navicat MySQL Data Transfer

Source Server         : localhost_3306
Source Server Version : 50719
Source Host           : localhost:3306
Source Database       : jdbcdemo

Target Server Type    : MYSQL
Target Server Version : 50719
File Encoding         : 65001

Date: 2019-01-02 18:20:05
*/

SET FOREIGN_KEY_CHECKS=0;

-- ----------------------------
-- Table structure for `film`
-- ----------------------------
DROP TABLE IF EXISTS `film`;
CREATE TABLE `film` (
  `id` bigint(2) unsigned zerofill NOT NULL AUTO_INCREMENT,
  `filmName` varchar(20) DEFAULT '0',
  `filmPrice` double(20,0) DEFAULT NULL,
  `trailerpath` varchar(200) DEFAULT NULL,
  `posterpath` varchar(200) DEFAULT NULL,
  `director` varchar(200) DEFAULT NULL,
  `screenwriter` varchar(200) DEFAULT NULL,
  `type` varchar(200) DEFAULT NULL,
  `country` varchar(200) DEFAULT NULL,
  `performer` varchar(200) DEFAULT NULL,
  `language` varchar(200) DEFAULT NULL,
  `releasedate` varchar(200) DEFAULT NULL,
  `filmTime` varchar(200) DEFAULT NULL,
  `synopsis` varchar(1000) DEFAULT NULL,
  `state` int(10) DEFAULT NULL,
  PRIMARY KEY (`id`)
) ENGINE=InnoDB AUTO_INCREMENT=31 DEFAULT CHARSET=utf8;

-- ----------------------------
-- Records of film
-- ----------------------------
INSERT INTO `film` VALUES ('02', '爱乐之城', '45', 'mp4/爱乐之城.mp4', 'views/images/爱乐之城.jpg', '导演:卫铁', '', '', '', '', '', '2018-06-12', '', 'style=\"height:70px\"', null);
INSERT INTO `film` VALUES ('03', '安德的游戏', '45', 'mp4/安德的游戏.mp4', 'views/images/安德的游戏.jpg', '导演:加文·胡德', '编剧:加文·胡德/奥森·斯科特·卡德', '类型:动作/科幻/冒险', '制片国家/地区:美国', '主演:阿萨·巴特菲尔德/哈里森·福特/海莉·斯坦菲尔德/阿比盖尔·布蕾斯琳/本·金斯利/维奥拉·戴维斯/阿拉米斯·奈特/莫伊塞斯·阿里亚斯/吉米·贾克斯·平查克/侬索·阿诺斯/康纳·卡罗尔', '语言:英语', '上映日期: 2014-01-07(中国大陆) / 2013-10-24(德国) / 2013-11-01(美国)', '片长:114分钟', '并不遥远的未来，来自外星系的异星蜓入侵地球，造成超过一千万人死亡。危难时刻，勇敢的队长瑞克汉姆阻挡了侵略者扩张的步伐。利用这有限宝贵的时间，地球人致力寻找具有极高天赋的少年加以训练培养，以期他们能够成为挫败外星入侵者的领袖人物。身形瘦小、神色忧郁但目光无比坚定的安德·维京（阿沙·巴特菲尔德AsaButterfield饰）正是这群少年中的一员，他也是国际舰队寄予厚望并重点培养的对象。经过数轮严苛的考评，安德的潜质得到战斗学校的指挥官格拉夫上校（哈里森·福特HarrisonFord饰）的肯定，他被上校带到了位于轨道空间站上的战斗学校，在全封闭的环境下，未来的英雄迎来新一轮的磨练……\r\n　　本片根据美国科幻小说作家奥森·斯科特·卡德（OrsonScottCard）的原作改编。', '1');
INSERT INTO `film` VALUES ('04', '沉默的羔羊', '45', 'mp4/沉默的羔羊.mp4', 'views/images/沉默的羔羊.jpg', '导演:乔纳森·戴米', '　　本片根据美国科幻小说作家奥森·斯科特·卡德（OrsonScottCard）的原作改编。', '1', '制片国家/地区:美国', '主演:朱迪·福斯特/安东尼·霍普金斯/斯科特·格伦/安东尼·希尔德/布鲁克·史密斯/卡斯·莱蒙斯/弗兰基·费森/泰德·拉文/崔西·沃特/丹·巴特勒/达拉', '语言:英语', '上映日期: 1991-02-14(美国)', '片长:118分钟', '见习特工克拉丽斯（茱迪?福斯特JodieFoster饰）所在的城市发生了一系列专剥女性皮的命案。克拉丽斯奉命前去访问被收监的精神有问题的精神病学家汉尼拔博士（安东尼?霍普金斯AnthonyHopkins饰），以获取罪犯犯罪心理资料。汉尼拔要求克拉丽斯说出个人经历供他分析以换取他的协助。克拉丽斯的思维完全不是博士的对手，临阵败走了。', '1');
INSERT INTO `film` VALUES ('05', '电锯惊魂8', '45', 'mp4/电锯惊魂8.mp4', 'views/images/电锯惊魂8.jpg', '导演:迈克尔·斯派瑞/彼得·斯派瑞', '编剧:皮特·古德芬格/乔什·斯托博格', '类型:悬疑/惊悚/恐怖', '制片国家/地区:美国/加拿大', '主演:马特·帕斯摩尔/托宾·贝尔/考乐姆·吉斯·雷尼/汉娜·艾米莉·安德森/科勒·班尼特/更多...', '语言:英语', '上映日期: 2017-10-27(美国)', '片长:92分钟', '离尘嚣的一座封闭谷仓内，安娜（劳拉·范德沃特LauraVandervoort饰）、赖安（保罗·布朗斯坦PaulBraunstein饰）、米奇（曼德拉·范·皮布尔斯MandelaVanPeebles饰）和卡莉（布列塔尼·艾伦BrittanyAllen饰）从昏迷中醒来。他们的头部被奇怪的装置束缚，颈上的铁链连接着安装了圆锯的铁门。在竖锯的指示下，他们将经历一场场痛彻骨髓的生死考验，并在死神的屠刀面前低头认罪。', '1');
INSERT INTO `film` VALUES ('06', '芳华', '45', 'mp4/芳华.mp4', 'views/images/芳华.jpg', '导演:冯小刚', '编剧:严歌苓', '类型:剧情/历史/战争', '制片国家/地区:中国大陆', '主演:黄轩/苗苗/钟楚曦/杨采钰/李晓峰/王天辰/王可如/隋源/张仁博/苏岩/张国立/赵立新', '语言:汉语普通话', '', '', '故事发生在上世纪七十年代，寄人篱下的少女何小萍（苗苗饰）经过重重试炼终于加入了梦寐以求的文工团，哪知道这里和她曾经待过的那些地方并无不同，她依然得忍受遭人唾弃和欺侮的生活。唯一给过她温暖的，是刘峰（黄轩饰），不仅仅是对何小萍，被称为“活雷锋”的刘峰把自己的爱情和温暖无私的奉献给每一个人。\r\n　　实际上，刘峰一直爱慕着美丽活泼的林丁丁（杨采钰饰），当他选择将这份感情勇敢的表达出来时，却让自己的人生走向了完全不同的方向。战争开始了，刘峰、何小萍和萧穗子前赴后继的走上了前线，在枪弹和炮火之中，每一个人都在用生命和热血绽放着属于他们的芳华。', '1');
INSERT INTO `film` VALUES ('07', '钢铁侠3', '45', 'mp4/钢铁侠3.mp4', 'views/images/钢铁侠3.jpg', '导演:沙恩·布莱克', '编剧:沙恩·布莱克/德鲁·皮尔斯/斯坦·李/唐·赫克/拉里·利伯/杰克·科比', '类型:动作/科幻', '制片国家/地区:美国', '主演:小罗伯特·唐尼/盖·皮尔斯/格温妮斯·帕特洛/本·金斯利/唐·钱德尔/更多...', '语言:英语/汉语普通话', '上映日期: 2013-05-01(中国大陆) / 2013-04-18(伦敦首映) / 2013-05-03(美国)', '片长:134分钟(中国大陆)/130分钟(美国)', '自纽约事件以来，托尼·斯塔克（小罗伯特·唐尼RobertDowneyJr.饰）为前所未有的焦虑症所困扰。他疯狂投入钢铁侠升级版的研发，为此废寝忘食，甚至忽略了女友佩珀·波茨（格温妮斯·帕特洛GwynethPaltrow饰）的感受。与此同时，臭名昭著的恐怖头目曼达林（本·金斯利BenKingsley饰）制造了一连串的爆炸袭击事件，托尼当年最忠诚的保镖即在最近的一次袭击中身负重伤。未过多久，托尼、佩珀以及曾与他有过一面之缘的女植物学家玛雅（丽贝卡·豪尔RebeccaHall饰）在家中遭到猛烈的炮火袭击，几乎丧命，而这一切似乎都与22年前那名偶然邂逅的科学家阿尔德里奇·基连（盖·皮尔斯GuyPearce饰）及其终极生物的研究有关。\r\n　　即使有精密先进的铠甲护身，也无法排遣发自心底的焦虑。被击碎一切的托尼，如何穿越来自地狱的熊熊烈...', '1');
INSERT INTO `film` VALUES ('08', '海边的曼彻斯特', '45', 'mp4/海边的曼彻斯特.mp4', 'views/images/海边的曼彻斯特.jpg', '导演:肯尼思·洛纳根', '编剧:肯尼思·洛纳根', '类型:剧情/家庭', '制片国家/地区:美国', '主演:卡西·阿弗莱克/卢卡斯·赫奇斯/米歇尔·威廉姆斯/C·J·威尔逊/凯尔·钱德勒/更多...', '语言:英语', '上映日期: 2017-08-25(中国大陆) / 2016-01-23(圣丹斯电影节) / 2016-11-18(美国)', '片长:137分钟', '李（卡西·阿弗莱克CaseyAffleck饰）是一名颓废压抑的修理工，在得知哥哥乔伊（凯尔·钱德勒KyleChandler饰）去世的消息后，李回到了故乡——海边的曼彻斯特处理乔伊的后事。根据乔伊的遗嘱，李将会成为乔伊的儿子帕特里克（卢卡斯·赫奇斯LucasHedges饰）的监护人，李打算将帕特里克带回波士顿，但很显然帕特里克并不愿意离开家乡和朋友们，但李亦不愿在这片伤心地久留。', '1');
INSERT INTO `film` VALUES ('09', '黑豹', '45', 'mp4/黑豹.mp4', 'views/images/黑豹.jpg', '导演:瑞恩·库格勒', '编剧:瑞恩·库格勒/乔·罗伯特·科尔/斯坦·李/杰克·科比', '类型:动作/科幻/冒险', '制片国家/地区:美国', '主演:查德维克·博斯曼/露皮塔·尼永奥/迈克尔·B·乔丹/丹娜·奎里拉/马丁·弗瑞曼/更多...', '语言:英语/韩语', '上映日期: 2018-03-09(中国大陆) / 2018-02-16(美国)', '片长:134分钟/135分钟(中国大陆)', '在漫威影业的影片《黑豹》中，特查拉在其父亲——前瓦坎达国王去世之后，回到了这个科技先进但与世隔绝的非洲国家，继任成为新一任“黑豹”及国王。当旧敌重现时，作为“黑豹”及国王的特查拉身陷两难境地，眼看着瓦坎达及全世界陷于危难之中。面对背叛与危险，这位年轻的国王必须联合同盟，释放“黑豹”全部力量，奋力捍卫他的人民和国土。', '1');
INSERT INTO `film` VALUES ('10', '红海行动', '45', 'mp4/红海行动.mp4', 'views/images/红海行动.jpg', '导演:林超贤', '编剧:冯骥/陈珠珠/林明杰', '类型:剧情/动作/犯罪', '制片国家/地区:中国大陆/香港', '主演:张译/黄景瑜/海清/杜江/蒋璐霞/尹昉/王强/郭郁滨/王雨甜/麦亨利/张涵予/王彦霖', '语言:汉语普通话', '上映日期: 2018-02-16(中国大陆)', '片长:138分钟', '索马里海域外，中国商船遭遇劫持，船员全数沦为阶下囚。蛟龙突击队沉着应对，潜入商船进行突袭，成功解救全部人质。', '1');
INSERT INTO `film` VALUES ('11', '华盛顿邮报', '45', 'mp4/华盛顿邮报.mp4', 'views/images/华盛顿邮报.jpg', '导演:史蒂文·斯皮尔伯格', '编剧:丽兹·汉娜/乔希·辛格', '类型:剧情/惊悚/传记/历史', '制片国家/地区:美国', '主演:梅丽尔·斯特里普/汤姆·汉克斯/莎拉·保罗森/鲍勃·奥登科克/崔西·莱茨/更多...', '语言:英语', '上映日期: 2017-12-22(美国点映) / 2018-01-12(美国)', '片长:116分钟', '本片聚焦1971年五角大楼泄密事件。汤姆·汉克斯扮演《华盛顿邮报》总编辑本·布拉德利，梅姨扮演发行人凯瑟琳·格雷厄姆。凯瑟琳·格雷厄姆与本·巴格迪坎要赶在《纽约时报》之前揭露一件历经四届美国总统任期、长达三十余年的庞大掩盖事件。这两个人必须消弭他们之间的差异，各自拿他们的事业、甚至人身自由冒险，让长久以来埋藏在黑暗深处的真相重见光明。', '1');
INSERT INTO `film` VALUES ('12', '记忆大师', '45', 'mp4/记忆大师.mp4', 'views/images/记忆大师.jpg', '导演:陈正道', '编剧:任鹏/陈正道', '类型:剧情/悬疑/惊悚/犯罪', '制片国家/地区:中国大陆', '主演:黄渤/段奕宏/徐静蕾/杨子姗/梁杰理/更多...', '语言:汉语普通话', '上映日期: 2017-04-28(中国大陆) / 2017-04-23(北京电影节)', '片长:119分钟', '故事发生在2025年，因为和妻子张代晨（徐静蕾饰）婚姻破裂，男主角江丰（黄渤饰）走进记忆大师医疗中心接受手术，却不料手术失误记忆被错误重载，他莫名其妙变成了“杀人凶手”。警官沈汉强（段奕宏饰）的穷追不舍让他逐渐发现，自己脑内的错误记忆不仅是破案的关键，更是救赎自己的唯一希望。与此同时，妻子身边出现的女人陈姗姗（杨子姗饰）、记忆中浮现出的神秘女子（许玮甯饰），似乎也和真相有着千丝万缕的联系，一场记忆烧脑战也随之开始。', '1');
INSERT INTO `film` VALUES ('13', '三块广告牌', '45', 'mp4/三块广告牌.mp4', 'views/images/三块广告牌.jpg', '导演:马丁·麦克唐纳', '编剧:马丁·麦克唐纳', '类型:剧情/犯罪', '制片国家/地区:英国/美国', '主演:弗兰西斯·麦克多蒙德/伍迪·哈里森/山姆·洛克威尔/艾比·考尼什/卢卡斯·赫奇斯/更多...', '语言:英语', '上映日期: 2018-03-02(中国大陆) / 2017-09-04(威尼斯电影节) / 2017-12-01(美国)', '片长:115分钟', '米尔德雷德（弗兰西斯·麦克多蒙德FrancesMcDormand饰）的女儿在外出时惨遭奸杀，米尔德雷德和丈夫查理（约翰·哈克斯JohnHawkes饰）之间的婚姻因此走到了尽头，如今，她同儿子罗比（卢卡斯·赫奇斯LucasHedges饰）过着相依为命的生活。一晃眼几个月过去了，案件仍然没有告破预兆，而警方似乎早已经将注意力从案子上转移了开来。\r\n　　被绝望和痛苦缠绕的米尔德雷德租下了高速公路边上的三块巨型广告牌，在上面控诉警方办案无能，并将矛头直接对准了警察局局长威洛比（伍迪·哈里森WoodyHarrelson饰）。实际上，威洛比一直隐瞒着自己身患绝症命不久矣的事实。因为这三块广告牌，米尔德雷德和威洛比的生活发生了翻天覆地的变化。', '2');
INSERT INTO `film` VALUES ('14', '水形物语', '45', 'mp4/水形物语.mp4', 'views/images/水形物语.jpg', '导演:吉尔莫·德尔·托罗', '编剧:吉尔莫·德尔·托罗/瓦内莎·泰勒', '类型:剧情/爱情/奇幻', '制片国家/地区:美国', '主演:莎莉·霍金斯/道格·琼斯/迈克尔·珊农/理查德·詹金斯/奥克塔维亚·斯宾瑟/更多...', '语言:英语/美国手语/俄语', '上映日期: 2018-03-16(中国大陆) / 2017-08-31(威尼斯电影节) / 2017-12-01(美国)', '片长:123分钟', '故事发生在1963年，时值冷战期间，哑女艾丽莎（莎莉·霍金斯SallyHawkins饰）在政府实验室里工作，是那里的一名清洁女工。年幼时，一场大病夺走了艾丽莎的声音，之后一直至今，她都在沉默之中过着形单影只的生活，全部的朋友就只有画家老头（尼克·西塞NickSearcy饰）和同事塞尔达（奥克塔维亚·斯宾瑟OctaviaSpencer饰）。', '2');
INSERT INTO `film` VALUES ('15', '死侍', '45', 'mp4/死侍.mp4', 'views/images/死侍.jpg', '导演:蒂姆·米勒', '编剧:略特·里斯/保罗·韦尼克/费边·尼谢萨/罗伯·莱菲尔德', '类型:喜剧/动作/科幻/冒险', '制片国家/地区:美国/加拿大', '主演:瑞安·雷诺兹/莫蕾娜·巴卡林/艾德·斯克林/T·J·米勒/吉娜·卡拉诺/更多...', '语言:英语', '上映日期: 2016-02-12(美国)', '片长:108分钟', '该片是《X战警》系列电影的外传。讲述了前任特种兵韦德·威尔逊得了不治之症，而自愿加入“X武器计划”获得了快速自愈能力。在饱受虐待折磨后他成功逃脱并对Ajax进行追杀的故事。\r\n　　在原著漫画中，死侍本是个普通人，由于得了不治之症而自愿加入“X武器计划”，他如愿得到了金刚狼自我愈合的能力，但付出的代价是失去了容貌。史崔克将军把他作为失败品投入监狱折磨并继续研究，最终导致他的出逃。死侍是个亦正亦邪的角色，他拥有超越人类的力量、耐力、速度及自我愈合能力，精通各种武器，擅长搏击术，不过他的精神不太稳定。', '2');
INSERT INTO `film` VALUES ('16', '素媛', '45', 'mp4/素媛.mp4', 'views/images/素媛.jpg', '导演:李濬益', '编剧:金智慧/赵重勋', '类型:剧情', '制片国家/地区:韩国', '主演:薛耿求/严志媛/李来/金海淑/金相浩/罗美兰/杨真诚', '语言:韩语', '上映日期: 2013-10-02(韩国)', '片长:123分钟', '她（李来饰）是一个美丽平凡的小女孩，和爸爸妈妈生活在位于街角的家中。家里经营着以她的名字素媛命名的杂货店，母亲（严智媛饰）作为老板娘日夜忙碌不得闲暇，父亲则在工厂干着繁重的工作。在那个飘雨的早上，素媛打着雨伞独自上学。在离学校近在咫尺的地方，她遭遇一个相貌猥琐、酒气冲天的大叔，由此开启了她的悲剧之旅。柔嫩的小花遭到暴风雨无情摧残，受伤的岂止枝枝叶叶，更是那迎着阳光无忧成长的心。无良媒体铺天盖地大肆渲染，作为受害者的素媛一家仿佛成了周身污秽的耻辱之人，被四周诧异好奇的目光所包围。\r\n　　妈妈悲痛欲绝，几近崩溃。爸爸全力保护女儿，但受伤的小天使却拒绝爸爸的靠近。问凶之路伴随着天使的治愈旅程，美丽的女孩可会再露灿烂笑容？', '2');
INSERT INTO `film` VALUES ('17', '速度与激情7', '45', 'mp4/速度与激情7.mp4', 'views/images/速度与激情7.jpg', '导演:温子仁', '编剧:克里斯·摩根/盖瑞·斯科特·汤普森', '类型:动作/惊悚/犯罪', '制片国家/地区:美国/中国大陆/日本', '主演:范·迪塞尔/保罗·沃克/杰森·斯坦森/米歇尔·罗德里格兹/乔丹娜·布鲁斯特/更多...', '语言:英语', '上映日期: 2015-04-12(中国大陆) / 2015-04-03(美国)', '片长:137分钟/140分钟(加长版)', '经历了紧张刺激的伦敦大战，多米尼克·托雷托（范·迪塞尔VinDiesel饰）和他的伙伴们重新回归平静的生活，但是江湖的恩恩怨怨却决不允许他们轻易抽身而去。棘手的死对头欧文·肖瘫在医院，不得动弹，他的哥哥戴克·肖（杰森·斯坦森JasonStantham饰）则发誓要为弟弟复仇。戴克曾是美国特种部队的王牌杀手，不仅身怀绝技，而且心狠手辣。他干掉了远在东京的韩，还几乎把探长卢克·霍布斯（道恩·强森DwayneJohnson饰）送到另一个世界，甚至多米尼克那世外桃源般的家也被对方炸毁。', '2');
INSERT INTO `film` VALUES ('18', '唐人街探案2', '45', 'mp4/唐人街探案2.mp4', 'views/images/唐人街探案2.jpg', '导演:陈思诚', '编剧:陈思诚', '类型:喜剧/动作/悬疑/犯罪', '制片国家/地区:中国大陆', '主演:王宝强/刘昊然/肖央/刘承羽/尚语贤/王迅/妻夫木聪/迈克尔·皮特/白灵/元华/曾江/王成思/杨金赐/范湉湉/佟丽娅/陈思诚', '语言:汉语普通话', '上映日期: 2018-02-16(中国大陆)', '片长:120分钟', '唐仁（王宝强饰）为巨额奖金欺骗秦风（刘昊然饰）到纽约参加世界名侦探大赛，然而随着和世界各国侦探们啼笑皆非的较量，两人却发现了隐藏在这次挑战背后的更大秘密...', '2');
INSERT INTO `film` VALUES ('19', '无间道', '45', 'mp4/无间道.mp4', 'views/images/无间道.jpg', '导演:刘伟强/麦兆辉', '编剧:麦兆辉/庄文强', '类型:剧情/悬疑/犯罪', '制片国家/地区:香港', '主演:刘德华/梁朝伟/黄秋生/曾志伟/郑秀文/陈慧琳/陈冠希/余文乐/杜汶泽/林家栋/萧亚轩', '语言:粤语', '上映日期: 2003-09-05(中国大陆) / 2002-12-12(香港)', '片长:101分钟/97分钟(导演剪辑版)', '1991年，香港黑帮三合会会员刘健明（刘德华）听从老大韩琛（曾志伟）的吩咐，加入警察部队成为黑帮卧底，韩琛许诺刘健明会帮其在七年后晋升为见习督察。1992年，警察训练学校优秀学员陈永仁（梁朝伟）被上级要求深入到三合会做卧底，终极目标是成为韩琛身边的红人。2002年，两人都不负重望，也都身背重压，刘健明渐想成为一个真正的好人，陈永仁则盼着尽快回归警察身份。', '2');
INSERT INTO `film` VALUES ('20', '小萝莉的猴神大叔', '45', 'mp4/小萝莉的猴神大叔.mp4', 'views/images/小萝莉的猴神大叔.jpg', '导演:卡比尔·汗', '编剧:卡比尔·汗/维杰耶德拉·普拉萨德', '类型:剧情/喜剧/动作', '制片国家/地区:印度', '主演:萨尔曼·汗/哈莎莉·马洛特拉/卡琳娜·卡普尔/纳瓦祖丁·席迪圭/欧姆·普瑞/更多...', '语言:印地语/乌尔都语', '上映日期: 2018-03-02(中国大陆) / 2015-07-17(印度)', '片长:159分钟/141分钟(中国大陆)', '电影讲述了一个拥有虔诚宗教信仰的单纯印度男人帮助巴基斯坦哑女与父母重聚的故事。印度教教徒帕万（萨尔曼·汗饰）在一次机缘巧合下结识了与母亲走失并有语言障碍的穆斯林小女孩沙希达（哈尔莎莉·马尔霍特饰）。在得知沙希达是巴基斯坦人后，帕万决定帮助她回家，可在回巴基斯坦途中却四处碰壁，遭遇领事馆冲突、被旅游局欺骗之后，帕万立志将不惜一切代价尽其所能带沙希达回到自己的家乡与家人团聚。', '2');
INSERT INTO `film` VALUES ('21', '肖申克的救赎', '45', 'mp4/肖申克的救赎.mp4', 'views/images/肖申克的救赎.jpg', '导演:弗兰克·德拉邦特', '编剧:弗兰克·德拉邦特/斯蒂芬·金', '类型:剧情/犯罪', '制片国家/地区:美国', '主演:蒂姆·罗宾斯/摩根·弗里曼/鲍勃·冈顿/威廉姆·赛德勒/克兰西·布朗/更多...', '语言:英语', '上映日期: 1994-09-10(多伦多电影节) / 1994-10-14(美国)', '片长:142分钟', '20世纪40年代末，小有成就的青年银行家安迪（蒂姆·罗宾斯TimRobbins饰）因涉嫌杀害妻子及她的情人而锒铛入狱。在这座名为肖申克的监狱内，希望似乎虚无缥缈，终身监禁的惩罚无疑注定了安迪接下来灰暗绝望的人生。未过多久，安迪尝试接近囚犯中颇有声望的瑞德（摩根·弗里曼MorganFreeman饰），请求对方帮自己搞来小锤子。以此为契机，二人逐渐熟稔，安迪也仿佛在鱼龙混杂、罪恶横生、黑白混淆的牢狱中找到属于自己的求生之道。他利用自身的专业知识，帮助监狱管理层逃税、洗黑钱，同时凭借与瑞德的交往在犯人中间也渐渐受到礼遇。表面看来，他已如瑞德那样对那堵高墙从憎恨转变为处之泰然，但是对自由的渴望仍促使他朝着心中的希望和目标前进。而关于其罪行的真相，似乎更使这一切朝前推进了一步……', '2');
INSERT INTO `film` VALUES ('22', '羞羞的铁拳', '45', 'mp4/羞羞的铁拳.mp4', 'views/images/羞羞的铁拳.jpg', '导演:宋阳/张吃鱼', '编剧:张吃鱼/宋阳', '类型:喜剧/奇幻', '制片国家/地区:中国大陆', '主演:艾伦/马丽/沈腾/田雨/宋阳/薛皓文/常远/黄才伦/王智', '语言:汉语普通话', '上映日期: 2017-09-30(中国大陆)', '片长:100分钟', '靠打假拳混日子的艾迪生（艾伦饰），本来和正义感十足的体育记者马小（马丽饰）是一对冤家，没想到因为一场意外的电击，男女身体互换。性别错乱后，两人互坑互害，引发了拳坛的大地震，也揭开了假拳界的秘密，惹来一堆麻烦，最终两人在“卷莲门”副掌门张茱萸（沈腾饰）的指点下，向恶势力挥起了羞羞的铁拳。', '2');
INSERT INTO `film` VALUES ('23', '寻梦环游记', '45', 'mp4/寻梦环游记.mp4', 'views/images/寻梦环游记.jpg', '导演:李·昂克里奇/阿德里安·莫利纳', '编剧:阿德里安·莫利纳/马修·奥尔德里奇/李·昂克里奇/詹森·卡茨', '类型:喜剧/动画/音乐/家庭/冒险', '制片国家/地区:美国', '主演:安东尼·冈萨雷斯/盖尔·加西亚·贝纳尔/本杰明·布拉特/阿兰纳·乌巴奇/芮妮·维克托/更多...', '语言:英语/西班牙语', '上映日期: 2017-11-24(中国大陆) / 2017-10-20(莫雷利亚电影节) / 2017-11-22(美国)', '片长:105分钟', '热爱音乐的米格尔（安东尼·冈萨雷兹AnthonyGonzalez配音）不幸地出生在一个视音乐为洪水猛兽的大家庭之中，一家人只盼着米格尔快快长大，好继承家里传承了数代的制鞋产业。一年一度的亡灵节即将来临，每逢这一天，去世的亲人们的魂魄便可凭借着摆在祭坛上的照片返回现世和生者团圆。', '2');
INSERT INTO `film` VALUES ('24', '战狼2', '45', 'mp4/战狼2.mp4', 'views/images/战狼2.jpg', '导演:吴京', '编剧:吴京/董群/刘毅', '类型:动作', '制片国家/地区:中国大陆', '主演:吴京/弗兰克·格里罗/吴刚/张翰/卢靖姗/更多...', '语言:汉语普通话/英语', '上映日期: 2017-07-27(中国大陆)', '片长:123分钟', '故事发生在非洲附近的大海上，主人公冷锋（吴京饰）遭遇人生滑铁卢，被“开除军籍”，本想漂泊一生的他，正当他打算这么做的时候，一场突如其来的意外打破了他的计划，突然被卷入了一场非洲国家叛乱，本可以安全撤离，却因无法忘记曾经为军人的使命，孤身犯险冲回沦陷区，带领身陷屠杀中的同胞和难民，展开生死逃亡。随着斗争的持续，体内的狼性逐渐复苏，最终孤身闯入战乱区域，为同胞而战斗。', '2');
INSERT INTO `film` VALUES ('25', '捉妖记2', '45', 'mp4/捉妖记2.mp4', 'views/images/捉妖记2.jpg', '导演:许诚毅', '编剧:吴炜伦/陈咏燊/苏亮', '类型:喜剧/奇幻', '制片国家/地区:中国大陆/香港', '主演:梁朝伟/白百何/井柏然/李宇春/杨祐宁/更多...', '语言:汉语普通话', '上映日期: 2018-02-16(中国大陆)', '片长:110分钟', '上一集与胡巴分别后，天荫（井柏然饰）带着小岚（白百何饰）踏上寻父之路，在义薄云天的天师堂堂主云大哥（杨祐宁饰）的帮助下，二人得知天荫父亲宋戴天的护妖轨迹；而重回永宁村的胡巴再度被妖王追杀，颠沛流离逃亡时结识大赌徒屠四谷（梁朝伟饰）和一只妖怪，三人一起过着相依为命的生活，但又因屠四谷欠下的巨额赌债横生诸多波折。与此同时，江湖盛传小妖王胡巴的重金悬赏令，妖界大军、天师精英、绿林草莽闻风而动，多方势力为抢夺胡巴在清水镇掀起腥风血雨。千钧一发之际，念子心切的天荫和小岚通过天师堂找到胡巴并一起逃离险境。岂料，一场更大的惊天阴谋尾随而至，伺机而动……', '2');
INSERT INTO `film` VALUES ('26', '祖宗十九代', '45', 'mp4/祖宗十九代.mp4', 'views/images/祖宗十九代.jpg', '导演:郭德纲', '编剧:郭德纲/陈璧瑜', '类型:喜剧/奇幻', '制片国家/地区:中国大陆', '主演:岳云鹏/吴京/吴秀波/井柏然/林志玲/更多...', '语言:汉语普通话', '上映日期: 2018-02-16(中国大陆)', '片长:95分钟', '一个在现实中失意的青年作家小贝（岳云鹏饰），在现实碰壁而低落的夜晚，经历穿越20世纪初拯救陷入帮派麻烦的祖先、清朝和参加科举考试的先祖共事、明朝与祖先共同御敌、晋朝和祖先一起救世济人、上古与女娲和夸父探讨生命的本源和意义的奇幻旅程。一路见证爱情、收获自信和担当，经历人性的转变而自我成长，奇幻之旅实则他的新书发布，这本书献给他未见过的母亲和祖辈们。', '2');
INSERT INTO `film` VALUES ('27', 'X战警', '45', 'mp4/X战警.mp4', 'views/images/X战警.jpg', '导演:马修·沃恩', '编剧:简·古德曼/马修·沃恩/布莱恩·辛格/阿什利·米勒/扎克·施坦茨/谢尔顿·特纳', '类型:剧情/动作/科幻', '制片国家/地区:美国/英国', '主演:詹姆斯·麦卡沃伊/迈克尔·法斯宾德/詹纽瑞·琼斯/詹妮弗·劳伦斯/萝丝·拜恩/更多...', '语言:英语/德语/法语/西班牙语/俄语', '上映日期: 2011-05-25(纽约首映) / 2011-06-01(英国) / 2011-06-03(美国)', '片长:132分钟', '年轻的X教授查尔斯（詹姆斯·麦卡沃伊JamesMcAvoy饰）和万磁王埃里克（迈克尔·法斯宾德MichaelFassbender饰）是一对志向相投的好朋友。他们最早发现了自己的超能力，并与其他几个变种人一起在CIA工作。引发埃里克超能力的纳粹战争贩子肖（凯文·贝肯KevinBacon饰）一直试图挑起核战争，而想方设法挑起美苏两国的矛盾。埃里克和查尔斯一直与肖手下的变种人战斗，努力阻止肖的阴谋。肖怂恿苏联引发古巴导弹危机，查尔斯和埃里克获知消息后，在海湾与肖手下的变种人拉开了对决的一战。最终，肖被查尔斯和埃里克合力消灭。可是，在这个过程中，埃里克逐渐被肖的政治观点影响，与查尔斯产生裂痕。通过海湾的这一战，埃里克和查尔斯最终决裂，一方变成支持人类与变种人和平共存的X教授；另一方坚持通过消灭人类换来变种人兴起的观点，自称万磁王......', '2');
INSERT INTO `film` VALUES ('28', '蝙蝠侠：黑暗骑士', '45', 'mp4/蝙蝠侠：黑暗骑士.mp4', 'views/images/蝙蝠侠：黑暗骑士.jpg', '导演:克里斯托弗·诺兰', '编剧:乔纳森·诺兰/克里斯托弗·诺兰/大卫·S·高耶', '类型:剧情/动作/科幻/惊悚/犯罪', '制片国家/地区:美国/英国', '主演:克里斯蒂安·贝尔/希斯·莱杰/艾伦·艾克哈特/迈克尔·凯恩/玛吉·吉伦哈尔/更多...', '语言:英语/汉语普通话', '上映日期: 2008-07-14(纽约首映) / 2008-07-18(美国)', '片长:152分钟', '从亲眼目睹父母被人杀死的阴影中走出来的“蝙蝠侠”，经历了成长之后，已经不再是那个桀骜不的孤单英雄了。在警官吉姆·戈登和检查官哈维·登特的通力帮助下，“蝙蝠侠”无后顾之忧地继续满世界的奔波，与日益增长起来的犯罪威胁做着永无休止的争斗，而他所在的高谭市，也是进展最为明显的地方，犯罪率以一种惊人的速度持续下降着，毕竟对方是能够上天入地的“蝙蝠侠”，不借两个胆子谁还敢造次呢？不过像高谭这种科技与污秽并存的城市，平静是不可能维持太久的，果不其然，新一轮的混乱很快就席卷了整个城市，人们再一被被恐慌所笼罩着，而声称愿意为这一切负责的，自然就是所有混乱的源头以及支配者--“小丑”了。\r\n　　先不管“小丑”掀起一个又一个犯罪的狂潮的最终目的为何，他的企图都是邪恶的，所作所为更是早就危害到了高谭市民的正常生活……其中自然包括了“蝙蝠侠”身边几个非常重要的人，而他需要做的，就是将这股新的危机全部亲自用手捏得粉碎。然而在面对着这个有史以来最具针对性、最恶毒的对手时，“蝙蝠侠”却不得不从他的地下军械库里搬出每一件能够用得上的高科技武器，还得时刻纠结着为他曾经信仰的一切寻找答案。', '2');
INSERT INTO `film` VALUES ('29', '古墓丽影：源起之战', '45', 'mp4/古墓丽影：源起之战.mp4', 'views/images/古墓丽影：源起之战.jpg', '导演:罗阿尔·乌索格', '编剧:吉内瓦·德沃莱特-罗宾森', '类型:动作/冒险', '制片国家/地区:美国', '主演:艾丽西亚·维坎德/多米尼克·威斯特/沃尔顿·戈金斯/吴彦祖/克里斯汀·斯科特·托马斯/更多...', '语言:英语', '上映日期: 2018-03-16(美国/中国大陆)', '片长:118分钟', '劳拉·克劳馥年少时，她的冒险家父亲突然神秘消失。她拒绝接受父亲已经去世的事实，并暗下决心要解开父亲神秘死亡的谜团。', '2');
INSERT INTO `film` VALUES ('30', '厉害了，我的国', '45', 'mp4/厉害了，我的国.mp4', 'views/images/厉害了，我的国.jpg', '导演:卫铁', '', '类型:纪录片', '制片国家/地区:中国大陆', '', '语言:汉语普通话', '', '片长:90分钟', '本片以习近平新时代中国特色社会主义思想为内在逻辑，展示了在创新、协调、绿色、开放和共享的新发展理念下中国这五年的伟大成就，展现了中国人民在全面建设小康征程上的伟大奋斗，彰显了以习近平同志为核心的党中央的正确领导。凝聚起全党全国人民的磅礴力量，为实现中华民族伟大复兴的中国梦不断前进。', '2');

-- ----------------------------
-- Table structure for `middle`
-- ----------------------------
DROP TABLE IF EXISTS `middle`;
CREATE TABLE `middle` (
  `id` int(5) NOT NULL AUTO_INCREMENT,
  `courseid` int(5) DEFAULT NULL,
  `studentid` int(5) DEFAULT NULL,
  PRIMARY KEY (`id`)
) ENGINE=InnoDB AUTO_INCREMENT=5 DEFAULT CHARSET=utf8;

-- ----------------------------
-- Records of middle
-- ----------------------------
INSERT INTO `middle` VALUES ('1', '1', '1');
INSERT INTO `middle` VALUES ('2', '2', '1');
INSERT INTO `middle` VALUES ('3', '1', '2');
INSERT INTO `middle` VALUES ('4', '2', '2');

-- ----------------------------
-- Table structure for `moviehall`
-- ----------------------------
DROP TABLE IF EXISTS `moviehall`;
CREATE TABLE `moviehall` (
  `id` bigint(20) NOT NULL AUTO_INCREMENT,
  `name` varchar(20) DEFAULT NULL,
  `seat` int(20) DEFAULT NULL,
  `numberRemaining` int(20) DEFAULT NULL,
  `xMax` int(20) DEFAULT NULL,
  `yMax` int(20) DEFAULT NULL,
  PRIMARY KEY (`id`)
) ENGINE=InnoDB AUTO_INCREMENT=6 DEFAULT CHARSET=utf8;

-- ----------------------------
-- Records of moviehall
-- ----------------------------
INSERT INTO `moviehall` VALUES ('1', '一号演播厅', '1', '1', '34', '34');
INSERT INTO `moviehall` VALUES ('2', '二号演播厅', '150', '4', '34', '34');
INSERT INTO `moviehall` VALUES ('3', '三号演播厅', '150', '2', '34', '3434');
INSERT INTO `moviehall` VALUES ('4', '四号演播厅', '150', '6', '3', '34');
INSERT INTO `moviehall` VALUES ('5', '五号演播厅', '5', '5', '45', '45');

-- ----------------------------
-- Table structure for `personnel`
-- ----------------------------
DROP TABLE IF EXISTS `personnel`;
CREATE TABLE `personnel` (
  `id` bigint(20) NOT NULL AUTO_INCREMENT,
  `name` varchar(20) DEFAULT NULL,
  `identity` varchar(20) DEFAULT NULL,
  `username` varchar(20) DEFAULT NULL,
  `password` varchar(20) DEFAULT NULL,
  `phonenumber` varchar(20) DEFAULT NULL,
  `ticketid` varchar(10000) DEFAULT NULL,
  PRIMARY KEY (`id`)
) ENGINE=InnoDB AUTO_INCREMENT=36 DEFAULT CHARSET=utf8;

-- ----------------------------
-- Records of personnel
-- ----------------------------
INSERT INTO `personnel` VALUES ('1', '西门吹雪', 'manager', 'man', '123456', '13201592067', null);
INSERT INTO `personnel` VALUES ('2', '东方不败', 'user', 'user', '123456', '15929970838', null);
INSERT INTO `personnel` VALUES ('3', '东邪西毒', 'employee', 'empl', '123456', '18392556795', '294,295,296,297,298,299,300,299,300,299,300,305,306,307,308,309,310,311,312,313,314,315,316,317,318,319,320,319,320,323,324,325,326,327,328,329,330,329,330,333,334,335,336,337,338,339,340,341,342,343,344,345,346,347,348,347,348,351,352,353,354,355,356,357,358,359,360,361,362,365,366,367,368,369,370,371,372,373,374,375,376,377,378');
INSERT INTO `personnel` VALUES ('4', '金毛狮王', 'employee', 'admin', '123456', '13891046647', null);
INSERT INTO `personnel` VALUES ('30', 'liushubo', 'employee', 'liushubo', '123456', '18531199395', null);
INSERT INTO `personnel` VALUES ('32', 'asdf', 'employee', 'asd', 'asd', '', '');
INSERT INTO `personnel` VALUES ('33', 'MingmingSun', 'employee', '15129572234', '6666666', '15129572234', null);
INSERT INTO `personnel` VALUES ('34', 'xubo', 'employee', '15691757015', 'xubo123456', '15691757015', null);
INSERT INTO `personnel` VALUES ('35', 'teacher', 'employee', '13379184093', 'aa123456', '13379184093', null);

-- ----------------------------
-- Table structure for `seat`
-- ----------------------------
DROP TABLE IF EXISTS `seat`;
CREATE TABLE `seat` (
  `id` bigint(5) unsigned zerofill NOT NULL AUTO_INCREMENT,
  `x` int(11) DEFAULT NULL,
  `y` int(11) DEFAULT NULL,
  `state` int(11) DEFAULT NULL,
  `MovieHallId` bigint(20) DEFAULT NULL,
  `Filmid` bigint(10) DEFAULT NULL,
  `startTime` datetime(6) DEFAULT NULL,
  `ticketid` bigint(5) DEFAULT NULL,
  PRIMARY KEY (`id`)
) ENGINE=InnoDB AUTO_INCREMENT=1218 DEFAULT CHARSET=utf8;

-- ----------------------------
-- Records of seat
-- ----------------------------
INSERT INTO `seat` VALUES ('01133', '1', '1', '1', '1', '4', '2018-06-01 17:30:00.000000', null);
INSERT INTO `seat` VALUES ('01134', '1', '2', '1', '1', '4', '2018-06-01 17:30:00.000000', null);
INSERT INTO `seat` VALUES ('01135', '2', '1', '1', '1', '4', '2018-06-01 17:30:00.000000', null);
INSERT INTO `seat` VALUES ('01136', '2', '2', '1', '1', '4', '2018-06-01 17:30:00.000000', null);
INSERT INTO `seat` VALUES ('01137', '2', '3', '1', '1', '4', '2018-06-01 17:30:00.000000', null);
INSERT INTO `seat` VALUES ('01138', '9', '17', '1', '1', '4', '2018-06-01 17:30:00.000000', null);
INSERT INTO `seat` VALUES ('01139', '9', '18', '1', '1', '4', '2018-06-01 17:30:00.000000', null);
INSERT INTO `seat` VALUES ('01140', '9', '17', '1', '1', '4', '2018-06-01 17:30:00.000000', null);
INSERT INTO `seat` VALUES ('01141', '9', '18', '1', '1', '4', '2018-06-01 17:30:00.000000', null);
INSERT INTO `seat` VALUES ('01142', '9', '17', '1', '1', '4', '2018-06-01 17:30:00.000000', null);
INSERT INTO `seat` VALUES ('01143', '9', '18', '1', '1', '4', '2018-06-01 17:30:00.000000', null);
INSERT INTO `seat` VALUES ('01144', '9', '17', '1', '5', '13', '2018-06-06 14:30:00.000000', null);
INSERT INTO `seat` VALUES ('01145', '9', '18', '1', '5', '13', '2018-06-06 14:30:00.000000', null);
INSERT INTO `seat` VALUES ('01146', '6', '17', '1', '1', '4', '2018-06-01 17:30:00.000000', null);
INSERT INTO `seat` VALUES ('01147', '6', '18', '1', '1', '4', '2018-06-01 17:30:00.000000', null);
INSERT INTO `seat` VALUES ('01148', '5', '18', '1', '1', '4', '2018-06-01 17:30:00.000000', null);
INSERT INTO `seat` VALUES ('01149', '5', '17', '1', '1', '4', '2018-06-01 17:30:00.000000', null);
INSERT INTO `seat` VALUES ('01150', '4', '17', '1', '1', '4', '2018-06-01 17:30:00.000000', null);
INSERT INTO `seat` VALUES ('01151', '4', '18', '1', '1', '4', '2018-06-01 17:30:00.000000', null);
INSERT INTO `seat` VALUES ('01152', '2', '17', '1', '1', '4', '2018-06-01 17:30:00.000000', null);
INSERT INTO `seat` VALUES ('01153', '2', '18', '1', '1', '4', '2018-06-01 17:30:00.000000', null);
INSERT INTO `seat` VALUES ('01154', '9', '1', '1', '1', '4', '2018-06-01 17:30:00.000000', null);
INSERT INTO `seat` VALUES ('01155', '9', '2', '1', '1', '4', '2018-06-01 17:30:00.000000', null);
INSERT INTO `seat` VALUES ('01156', '5', '17', '1', '5', '7', '2018-06-01 17:30:00.000000', null);
INSERT INTO `seat` VALUES ('01157', '5', '18', '1', '5', '7', '2018-06-01 17:30:00.000000', null);
INSERT INTO `seat` VALUES ('01158', '5', '17', '1', '3', '13', '2018-06-01 17:30:00.000000', null);
INSERT INTO `seat` VALUES ('01159', '5', '18', '1', '3', '13', '2018-06-01 17:30:00.000000', null);
INSERT INTO `seat` VALUES ('01160', '5', '17', '1', '3', '13', '2018-06-01 17:30:00.000000', null);
INSERT INTO `seat` VALUES ('01161', '5', '18', '1', '3', '13', '2018-06-01 17:30:00.000000', null);
INSERT INTO `seat` VALUES ('01162', '2', '12', '1', '3', '16', '2018-06-05 14:30:00.000000', null);
INSERT INTO `seat` VALUES ('01163', '2', '13', '1', '3', '16', '2018-06-05 14:30:00.000000', null);
INSERT INTO `seat` VALUES ('01164', '1', '1', '1', '4', '15', '2018-06-01 17:30:00.000000', null);
INSERT INTO `seat` VALUES ('01165', '1', '2', '1', '4', '15', '2018-06-01 17:30:00.000000', null);
INSERT INTO `seat` VALUES ('01166', '9', '17', '1', '2', '6', '2018-06-01 14:30:00.000000', null);
INSERT INTO `seat` VALUES ('01167', '9', '18', '1', '2', '6', '2018-06-01 14:30:00.000000', null);
INSERT INTO `seat` VALUES ('01168', '1', '14', '1', '2', '6', '2018-06-01 14:30:00.000000', null);
INSERT INTO `seat` VALUES ('01169', '1', '15', '1', '2', '6', '2018-06-01 14:30:00.000000', null);
INSERT INTO `seat` VALUES ('01170', '1', '14', '1', '2', '6', '2018-06-01 14:30:00.000000', null);
INSERT INTO `seat` VALUES ('01171', '1', '15', '1', '2', '6', '2018-06-01 14:30:00.000000', null);
INSERT INTO `seat` VALUES ('01172', '8', '17', '1', '2', '6', '2018-06-01 14:30:00.000000', null);
INSERT INTO `seat` VALUES ('01173', '8', '18', '1', '2', '6', '2018-06-01 14:30:00.000000', null);
INSERT INTO `seat` VALUES ('01174', '3', '17', '1', '5', '6', '2018-06-03 17:30:00.000000', null);
INSERT INTO `seat` VALUES ('01175', '3', '18', '1', '5', '6', '2018-06-03 17:30:00.000000', null);
INSERT INTO `seat` VALUES ('01176', '1', '1', '1', '3', '2', '2018-06-01 20:30:00.000000', null);
INSERT INTO `seat` VALUES ('01177', '1', '2', '1', '3', '2', '2018-06-01 20:30:00.000000', null);
INSERT INTO `seat` VALUES ('01178', '1', '14', '1', '2', '9', '2018-06-02 14:30:00.000000', null);
INSERT INTO `seat` VALUES ('01179', '1', '15', '1', '2', '9', '2018-06-02 14:30:00.000000', null);
INSERT INTO `seat` VALUES ('01180', '4', '9', '1', '1', '8', '2018-06-01 14:30:00.000000', null);
INSERT INTO `seat` VALUES ('01181', '5', '8', '1', '1', '8', '2018-06-01 14:30:00.000000', null);
INSERT INTO `seat` VALUES ('01182', '1', '3', '1', '3', '14', '2018-06-03 14:30:00.000000', null);
INSERT INTO `seat` VALUES ('01183', '1', '4', '1', '3', '14', '2018-06-03 14:30:00.000000', null);
INSERT INTO `seat` VALUES ('01184', '1', '3', '1', '2', '3', '2018-06-05 00:00:00.000000', null);
INSERT INTO `seat` VALUES ('01185', '1', '4', '1', '2', '3', '2018-06-05 00:00:00.000000', null);
INSERT INTO `seat` VALUES ('01186', '6', '13', '1', '2', '6', '2018-06-01 14:30:00.000000', null);
INSERT INTO `seat` VALUES ('01187', '6', '14', '1', '2', '6', '2018-06-01 14:30:00.000000', null);
INSERT INTO `seat` VALUES ('01188', '6', '13', '1', '2', '6', '2018-06-01 14:30:00.000000', null);
INSERT INTO `seat` VALUES ('01189', '6', '14', '1', '2', '6', '2018-06-01 14:30:00.000000', null);
INSERT INTO `seat` VALUES ('01190', '1', '17', '1', '1', '4', '2018-06-01 17:30:00.000000', null);
INSERT INTO `seat` VALUES ('01191', '1', '18', '1', '1', '4', '2018-06-01 17:30:00.000000', null);
INSERT INTO `seat` VALUES ('01192', '1', '1', '1', '1', '8', '2018-06-01 14:30:00.000000', null);
INSERT INTO `seat` VALUES ('01193', '1', '2', '1', '1', '8', '2018-06-01 14:30:00.000000', null);
INSERT INTO `seat` VALUES ('01194', '2', '10', '1', '1', '3', '2018-06-05 02:57:23.000000', null);
INSERT INTO `seat` VALUES ('01195', '2', '11', '1', '1', '3', '2018-06-05 02:57:23.000000', null);
INSERT INTO `seat` VALUES ('01196', '2', '10', '1', '2', '3', '2018-06-05 00:00:00.000000', null);
INSERT INTO `seat` VALUES ('01197', '2', '11', '1', '2', '3', '2018-06-05 00:00:00.000000', null);
INSERT INTO `seat` VALUES ('01198', '1', '1', '1', '3', '10', '2018-06-01 23:30:00.000000', null);
INSERT INTO `seat` VALUES ('01199', '1', '2', '1', '3', '10', '2018-06-01 23:30:00.000000', null);
INSERT INTO `seat` VALUES ('01200', '3', '1', '1', '1', '4', '2018-06-01 17:30:00.000000', null);
INSERT INTO `seat` VALUES ('01201', '3', '2', '1', '1', '4', '2018-06-01 17:30:00.000000', null);
INSERT INTO `seat` VALUES ('01202', '1', '14', '1', '1', '4', '2018-06-01 17:30:00.000000', null);
INSERT INTO `seat` VALUES ('01203', '1', '15', '1', '1', '4', '2018-06-01 17:30:00.000000', null);
INSERT INTO `seat` VALUES ('01204', '1', '1', '1', '5', '6', '2018-06-07 23:30:00.000000', null);
INSERT INTO `seat` VALUES ('01205', '1', '2', '1', '5', '6', '2018-06-07 23:30:00.000000', null);
INSERT INTO `seat` VALUES ('01206', '1', '1', '1', '2', '6', '2018-06-01 14:30:00.000000', null);
INSERT INTO `seat` VALUES ('01207', '1', '2', '1', '2', '6', '2018-06-01 14:30:00.000000', null);
INSERT INTO `seat` VALUES ('01208', '3', '13', '1', '5', '18', '2018-06-05 23:30:00.000000', null);
INSERT INTO `seat` VALUES ('01209', '3', '14', '1', '5', '18', '2018-06-05 23:30:00.000000', null);
INSERT INTO `seat` VALUES ('01210', '1', '17', '1', '3', '13', '2018-06-03 20:30:00.000000', null);
INSERT INTO `seat` VALUES ('01211', '1', '18', '1', '3', '13', '2018-06-03 20:30:00.000000', null);
INSERT INTO `seat` VALUES ('01212', '1', '17', '1', '5', '13', '2018-06-01 14:30:00.000000', null);
INSERT INTO `seat` VALUES ('01213', '1', '18', '1', '5', '13', '2018-06-01 14:30:00.000000', null);
INSERT INTO `seat` VALUES ('01214', '1', '17', '1', '3', '13', '2018-06-03 23:30:00.000000', null);
INSERT INTO `seat` VALUES ('01215', '1', '18', '1', '3', '13', '2018-06-03 23:30:00.000000', null);
INSERT INTO `seat` VALUES ('01216', '2', '17', '1', '3', '13', '2018-06-03 23:30:00.000000', null);
INSERT INTO `seat` VALUES ('01217', '2', '18', '1', '3', '13', '2018-06-03 23:30:00.000000', null);

-- ----------------------------
-- Table structure for `session`
-- ----------------------------
DROP TABLE IF EXISTS `session`;
CREATE TABLE `session` (
  `id` int(10) NOT NULL AUTO_INCREMENT,
  `filmid` bigint(10) DEFAULT NULL,
  `moviehallid` bigint(10) DEFAULT NULL,
  `starttime` datetime DEFAULT NULL,
  `timelength` int(10) DEFAULT NULL,
  PRIMARY KEY (`id`)
) ENGINE=InnoDB AUTO_INCREMENT=174 DEFAULT CHARSET=utf8;

-- ----------------------------
-- Records of session
-- ----------------------------
INSERT INTO `session` VALUES ('2', '3', '2', '2018-06-05 00:00:00', '125');
INSERT INTO `session` VALUES ('3', '3', '1', '2018-06-05 02:57:23', '125');
INSERT INTO `session` VALUES ('21', '5', '1', '2018-06-01 14:30:00', '98');
INSERT INTO `session` VALUES ('22', '9', '2', '2018-06-02 14:30:00', '134');
INSERT INTO `session` VALUES ('23', '8', '1', '2018-06-01 14:30:00', '137');
INSERT INTO `session` VALUES ('24', '4', '1', '2018-06-01 17:30:00', '118');
INSERT INTO `session` VALUES ('25', '3', '1', '2018-06-01 20:30:00', '114');
INSERT INTO `session` VALUES ('26', '14', '1', '2018-06-01 23:30:00', '123');
INSERT INTO `session` VALUES ('27', '6', '2', '2018-06-01 14:30:00', '136');
INSERT INTO `session` VALUES ('28', '11', '2', '2018-06-01 17:30:00', '116');
INSERT INTO `session` VALUES ('30', '12', '2', '2018-06-01 23:30:00', '119');
INSERT INTO `session` VALUES ('31', '4', '3', '2018-06-01 14:30:00', '118');
INSERT INTO `session` VALUES ('32', '13', '3', '2018-06-01 17:30:00', '115');
INSERT INTO `session` VALUES ('33', '2', '3', '2018-06-01 20:30:00', '128');
INSERT INTO `session` VALUES ('35', '10', '3', '2018-06-01 23:30:00', '138');
INSERT INTO `session` VALUES ('36', '11', '4', '2018-06-01 14:30:00', '116');
INSERT INTO `session` VALUES ('37', '15', '4', '2018-06-01 17:30:00', '108');
INSERT INTO `session` VALUES ('38', '5', '4', '2018-06-01 20:30:00', '98');
INSERT INTO `session` VALUES ('39', '8', '4', '2018-06-01 23:30:00', '137');
INSERT INTO `session` VALUES ('40', '13', '5', '2018-06-01 14:30:00', '115');
INSERT INTO `session` VALUES ('41', '7', '5', '2018-06-01 17:30:00', '134');
INSERT INTO `session` VALUES ('42', '9', '5', '2018-06-01 20:30:00', '134');
INSERT INTO `session` VALUES ('45', '6', '5', '2018-06-01 23:30:00', '136');
INSERT INTO `session` VALUES ('46', '15', '1', '2018-06-02 14:30:00', '108');
INSERT INTO `session` VALUES ('47', '3', '1', '2018-06-02 17:30:00', '114');
INSERT INTO `session` VALUES ('48', '14', '1', '2018-06-02 20:30:00', '123');
INSERT INTO `session` VALUES ('49', '3', '1', '2018-06-02 23:30:00', '114');
INSERT INTO `session` VALUES ('50', '7', '2', '2018-06-02 14:30:00', '134');
INSERT INTO `session` VALUES ('52', '12', '2', '2018-06-02 20:30:00', '119');
INSERT INTO `session` VALUES ('54', '3', '3', '2018-06-02 14:30:00', '114');
INSERT INTO `session` VALUES ('55', '2', '3', '2018-06-02 17:30:00', '128');
INSERT INTO `session` VALUES ('56', '10', '3', '2018-06-02 20:30:00', '138');
INSERT INTO `session` VALUES ('57', '2', '3', '2018-06-02 23:30:00', '128');
INSERT INTO `session` VALUES ('59', '5', '4', '2018-06-02 17:30:00', '98');
INSERT INTO `session` VALUES ('60', '8', '4', '2018-06-02 20:30:00', '137');
INSERT INTO `session` VALUES ('61', '5', '4', '2018-06-02 23:30:00', '98');
INSERT INTO `session` VALUES ('62', '2', '5', '2018-06-02 14:30:00', '128');
INSERT INTO `session` VALUES ('63', '9', '5', '2018-06-02 17:30:00', '134');
INSERT INTO `session` VALUES ('64', '6', '5', '2018-06-02 20:30:00', '136');
INSERT INTO `session` VALUES ('65', '9', '5', '2018-06-02 23:30:00', '134');
INSERT INTO `session` VALUES ('66', '5', '1', '2018-06-03 14:30:00', '98');
INSERT INTO `session` VALUES ('67', '14', '1', '2018-06-03 17:30:00', '123');
INSERT INTO `session` VALUES ('68', '4', '1', '2018-06-03 20:30:00', '118');
INSERT INTO `session` VALUES ('69', '4', '1', '2018-06-03 23:30:00', '118');
INSERT INTO `session` VALUES ('70', '9', '2', '2018-06-03 14:30:00', '134');
INSERT INTO `session` VALUES ('71', '12', '2', '2018-06-03 17:30:00', '119');
INSERT INTO `session` VALUES ('72', '11', '2', '2018-06-03 20:30:00', '116');
INSERT INTO `session` VALUES ('73', '11', '2', '2018-06-03 23:30:00', '116');
INSERT INTO `session` VALUES ('74', '14', '3', '2018-06-03 14:30:00', '123');
INSERT INTO `session` VALUES ('75', '10', '3', '2018-06-03 17:30:00', '138');
INSERT INTO `session` VALUES ('76', '13', '3', '2018-06-03 20:30:00', '115');
INSERT INTO `session` VALUES ('77', '13', '3', '2018-06-03 23:30:00', '115');
INSERT INTO `session` VALUES ('78', '12', '4', '2018-06-03 14:30:00', '119');
INSERT INTO `session` VALUES ('79', '8', '4', '2018-06-03 17:30:00', '137');
INSERT INTO `session` VALUES ('80', '15', '4', '2018-06-03 20:30:00', '108');
INSERT INTO `session` VALUES ('81', '15', '4', '2018-06-03 23:30:00', '108');
INSERT INTO `session` VALUES ('82', '10', '5', '2018-06-03 14:30:00', '138');
INSERT INTO `session` VALUES ('83', '6', '5', '2018-06-03 17:30:00', '136');
INSERT INTO `session` VALUES ('84', '7', '5', '2018-06-03 20:30:00', '134');
INSERT INTO `session` VALUES ('85', '7', '5', '2018-06-03 23:30:00', '134');
INSERT INTO `session` VALUES ('86', '25', '1', '2018-06-04 14:30:00', '110');
INSERT INTO `session` VALUES ('87', '20', '1', '2018-06-04 17:30:00', '159');
INSERT INTO `session` VALUES ('88', '23', '1', '2018-06-04 20:30:00', '105');
INSERT INTO `session` VALUES ('89', '24', '1', '2018-06-04 23:30:00', '123');
INSERT INTO `session` VALUES ('90', '21', '2', '2018-06-04 14:30:00', '142');
INSERT INTO `session` VALUES ('91', '24', '2', '2018-06-04 20:30:00', '123');
INSERT INTO `session` VALUES ('92', '25', '2', '2018-06-04 23:30:00', '110');
INSERT INTO `session` VALUES ('93', '26', '3', '2018-06-04 14:30:00', '95');
INSERT INTO `session` VALUES ('94', '22', '3', '2018-06-04 17:30:00', '100');
INSERT INTO `session` VALUES ('95', '21', '2', '2018-06-04 17:30:00', '142');
INSERT INTO `session` VALUES ('96', '25', '3', '2018-06-04 20:30:00', '110');
INSERT INTO `session` VALUES ('97', '26', '3', '2018-06-04 23:30:00', '95');
INSERT INTO `session` VALUES ('98', '27', '4', '2018-06-04 14:30:00', '132');
INSERT INTO `session` VALUES ('99', '23', '4', '2018-06-04 17:30:00', '105');
INSERT INTO `session` VALUES ('103', '27', '4', '2018-06-04 23:30:00', '132');
INSERT INTO `session` VALUES ('104', '26', '4', '2018-06-04 20:30:00', '95');
INSERT INTO `session` VALUES ('105', '28', '5', '2018-06-04 14:30:00', '152');
INSERT INTO `session` VALUES ('106', '19', '5', '2018-06-04 17:30:00', '101');
INSERT INTO `session` VALUES ('107', '27', '5', '2018-06-04 20:30:00', '132');
INSERT INTO `session` VALUES ('108', '28', '5', '2018-06-04 23:30:00', '152');
INSERT INTO `session` VALUES ('109', '29', '1', '2018-06-05 14:30:00', '118');
INSERT INTO `session` VALUES ('110', '24', '1', '2018-06-05 17:30:00', '123');
INSERT INTO `session` VALUES ('111', '28', '1', '2018-06-05 20:30:00', '152');
INSERT INTO `session` VALUES ('112', '29', '1', '2018-06-05 23:30:00', '118');
INSERT INTO `session` VALUES ('113', '30', '2', '2018-06-05 14:30:00', '90');
INSERT INTO `session` VALUES ('114', '25', '2', '2018-06-05 17:30:00', '110');
INSERT INTO `session` VALUES ('115', '29', '2', '2018-06-05 20:30:00', '118');
INSERT INTO `session` VALUES ('116', '30', '2', '2018-06-05 23:30:00', '90');
INSERT INTO `session` VALUES ('117', '16', '3', '2018-06-05 14:30:00', '123');
INSERT INTO `session` VALUES ('118', '26', '3', '2018-06-05 17:30:00', '95');
INSERT INTO `session` VALUES ('119', '30', '3', '2018-06-05 20:30:00', '90');
INSERT INTO `session` VALUES ('120', '16', '3', '2018-06-05 23:30:00', '123');
INSERT INTO `session` VALUES ('121', '22', '4', '2018-06-05 14:30:00', '100');
INSERT INTO `session` VALUES ('122', '27', '4', '2018-06-05 17:30:00', '132');
INSERT INTO `session` VALUES ('123', '16', '4', '2018-06-05 20:30:00', '123');
INSERT INTO `session` VALUES ('124', '17', '4', '2018-06-05 23:30:00', '137');
INSERT INTO `session` VALUES ('125', '23', '5', '2018-06-05 14:30:00', '105');
INSERT INTO `session` VALUES ('126', '28', '5', '2018-06-05 17:30:00', '152');
INSERT INTO `session` VALUES ('127', '17', '5', '2018-06-05 20:30:00', '137');
INSERT INTO `session` VALUES ('128', '18', '5', '2018-06-05 23:30:00', '120');
INSERT INTO `session` VALUES ('129', '24', '1', '2018-06-06 14:30:00', '123');
INSERT INTO `session` VALUES ('130', '29', '1', '2018-06-06 17:30:00', '118');
INSERT INTO `session` VALUES ('131', '18', '1', '2018-06-06 20:30:00', '120');
INSERT INTO `session` VALUES ('132', '19', '1', '2018-06-06 23:30:00', '101');
INSERT INTO `session` VALUES ('133', '17', '2', '2018-06-06 14:30:00', '137');
INSERT INTO `session` VALUES ('134', '30', '2', '2018-06-06 17:30:00', '90');
INSERT INTO `session` VALUES ('135', '19', '2', '2018-06-06 20:30:00', '101');
INSERT INTO `session` VALUES ('136', '20', '2', '2018-06-06 23:30:00', '159');
INSERT INTO `session` VALUES ('137', '18', '3', '2018-06-06 14:30:00', '120');
INSERT INTO `session` VALUES ('138', '16', '3', '2018-06-06 17:30:00', '123');
INSERT INTO `session` VALUES ('139', '20', '3', '2018-06-06 20:30:00', '159');
INSERT INTO `session` VALUES ('140', '21', '3', '2018-06-06 23:30:00', '142');
INSERT INTO `session` VALUES ('141', '19', '4', '2018-06-06 14:30:00', '101');
INSERT INTO `session` VALUES ('142', '17', '4', '2018-06-06 17:30:00', '137');
INSERT INTO `session` VALUES ('143', '21', '4', '2018-06-06 20:30:00', '142');
INSERT INTO `session` VALUES ('144', '22', '4', '2018-06-06 23:30:00', '100');
INSERT INTO `session` VALUES ('145', '13', '5', '2018-06-06 14:30:00', '115');
INSERT INTO `session` VALUES ('146', '18', '5', '2018-06-06 17:30:00', '120');
INSERT INTO `session` VALUES ('147', '22', '5', '2018-06-06 20:30:00', '100');
INSERT INTO `session` VALUES ('148', '23', '5', '2018-06-06 23:30:00', '105');
INSERT INTO `session` VALUES ('149', '15', '1', '2018-06-07 14:30:00', '108');
INSERT INTO `session` VALUES ('150', '19', '1', '2018-06-07 17:30:00', '101');
INSERT INTO `session` VALUES ('152', '6', '1', '2018-06-07 20:30:00', '136');
INSERT INTO `session` VALUES ('153', '14', '1', '2018-06-07 23:30:00', '123');
INSERT INTO `session` VALUES ('154', '7', '2', '2018-06-07 14:30:00', '134');
INSERT INTO `session` VALUES ('155', '13', '2', '2018-06-07 17:30:00', '115');
INSERT INTO `session` VALUES ('156', '4', '2', '2018-06-07 20:30:00', '118');
INSERT INTO `session` VALUES ('157', '12', '2', '2018-06-07 23:30:00', '119');
INSERT INTO `session` VALUES ('158', '24', '3', '2018-06-07 14:30:00', '123');
INSERT INTO `session` VALUES ('159', '14', '3', '2018-06-07 17:30:00', '123');
INSERT INTO `session` VALUES ('161', '11', '3', '2018-06-07 20:30:00', '116');
INSERT INTO `session` VALUES ('162', '10', '3', '2018-06-07 23:30:00', '138');
INSERT INTO `session` VALUES ('163', '25', '4', '2018-06-07 14:30:00', '110');
INSERT INTO `session` VALUES ('164', '15', '4', '2018-06-07 17:30:00', '108');
INSERT INTO `session` VALUES ('165', '13', '4', '2018-06-07 20:30:00', '115');
INSERT INTO `session` VALUES ('166', '8', '4', '2018-06-07 23:30:00', '137');
INSERT INTO `session` VALUES ('167', '8', '5', '2018-06-07 14:30:00', '137');
INSERT INTO `session` VALUES ('168', '16', '5', '2018-06-07 17:30:00', '123');
INSERT INTO `session` VALUES ('169', '15', '5', '2018-06-07 20:30:00', '108');
INSERT INTO `session` VALUES ('170', '6', '5', '2018-06-07 23:30:00', '136');
INSERT INTO `session` VALUES ('171', '6', '5', '2018-06-07 23:30:00', '136');
INSERT INTO `session` VALUES ('172', '6', '5', '2018-06-07 23:30:00', '136');
INSERT INTO `session` VALUES ('173', '7', '4', '2018-06-12 23:04:00', '121');

-- ----------------------------
-- Table structure for `ticket`
-- ----------------------------
DROP TABLE IF EXISTS `ticket`;
CREATE TABLE `ticket` (
  `id` bigint(13) NOT NULL AUTO_INCREMENT,
  `filmid` bigint(5) DEFAULT NULL,
  `moviehallid` bigint(5) DEFAULT NULL,
  `session` int(5) DEFAULT NULL,
  `filmname` varchar(20) DEFAULT NULL,
  `moviehallname` varchar(20) DEFAULT NULL,
  `starttime` datetime(4) DEFAULT NULL,
  `movieLength` varchar(30) DEFAULT NULL,
  `x` int(3) DEFAULT NULL,
  `y` int(3) DEFAULT NULL,
  `price` double DEFAULT NULL,
  PRIMARY KEY (`id`)
) ENGINE=InnoDB AUTO_INCREMENT=379 DEFAULT CHARSET=utf8;

-- ----------------------------
-- Records of ticket
-- ----------------------------
INSERT INTO `ticket` VALUES ('294', '4', '1', null, '沉默的羔羊', '一号演播厅', '2018-06-01 17:30:00.0000', '片长:118分钟', '1', '1', '45');
INSERT INTO `ticket` VALUES ('295', '4', '1', null, '沉默的羔羊', '一号演播厅', '2018-06-01 17:30:00.0000', '片长:118分钟', '1', '2', '45');
INSERT INTO `ticket` VALUES ('296', '4', '1', null, '沉默的羔羊', '一号演播厅', '2018-06-01 17:30:00.0000', '片长:118分钟', '2', '1', '45');
INSERT INTO `ticket` VALUES ('297', '4', '1', null, '沉默的羔羊', '一号演播厅', '2018-06-01 17:30:00.0000', '片长:118分钟', '2', '2', '45');
INSERT INTO `ticket` VALUES ('298', '4', '1', null, '沉默的羔羊', '一号演播厅', '2018-06-01 17:30:00.0000', '片长:118分钟', '2', '3', '45');
INSERT INTO `ticket` VALUES ('299', '4', '1', null, '沉默的羔羊', '一号演播厅', '2018-06-01 17:30:00.0000', '片长:118分钟', '9', '17', '45');
INSERT INTO `ticket` VALUES ('300', '4', '1', null, '沉默的羔羊', '一号演播厅', '2018-06-01 17:30:00.0000', '片长:118分钟', '9', '18', '45');
INSERT INTO `ticket` VALUES ('301', '4', '1', null, '沉默的羔羊', '一号演播厅', '2018-06-01 17:30:00.0000', '片长:118分钟', '9', '17', '45');
INSERT INTO `ticket` VALUES ('302', '4', '1', null, '沉默的羔羊', '一号演播厅', '2018-06-01 17:30:00.0000', '片长:118分钟', '9', '18', '45');
INSERT INTO `ticket` VALUES ('303', '4', '1', null, '沉默的羔羊', '一号演播厅', '2018-06-01 17:30:00.0000', '片长:118分钟', '9', '17', '45');
INSERT INTO `ticket` VALUES ('304', '4', '1', null, '沉默的羔羊', '一号演播厅', '2018-06-01 17:30:00.0000', '片长:118分钟', '9', '18', '45');
INSERT INTO `ticket` VALUES ('305', '13', '5', null, '三块广告牌', '五号演播厅', '2018-06-06 14:30:00.0000', '片长:115分钟', '9', '17', '45');
INSERT INTO `ticket` VALUES ('306', '13', '5', null, '三块广告牌', '五号演播厅', '2018-06-06 14:30:00.0000', '片长:115分钟', '9', '18', '45');
INSERT INTO `ticket` VALUES ('307', '4', '1', null, '沉默的羔羊', '一号演播厅', '2018-06-01 17:30:00.0000', '片长:118分钟', '6', '17', '45');
INSERT INTO `ticket` VALUES ('308', '4', '1', null, '沉默的羔羊', '一号演播厅', '2018-06-01 17:30:00.0000', '片长:118分钟', '6', '18', '45');
INSERT INTO `ticket` VALUES ('309', '4', '1', null, '沉默的羔羊', '一号演播厅', '2018-06-01 17:30:00.0000', '片长:118分钟', '5', '18', '45');
INSERT INTO `ticket` VALUES ('310', '4', '1', null, '沉默的羔羊', '一号演播厅', '2018-06-01 17:30:00.0000', '片长:118分钟', '5', '17', '45');
INSERT INTO `ticket` VALUES ('311', '4', '1', null, '沉默的羔羊', '一号演播厅', '2018-06-01 17:30:00.0000', '片长:118分钟', '4', '17', '45');
INSERT INTO `ticket` VALUES ('312', '4', '1', null, '沉默的羔羊', '一号演播厅', '2018-06-01 17:30:00.0000', '片长:118分钟', '4', '18', '45');
INSERT INTO `ticket` VALUES ('313', '4', '1', null, '沉默的羔羊', '一号演播厅', '2018-06-01 17:30:00.0000', '片长:118分钟', '2', '17', '45');
INSERT INTO `ticket` VALUES ('314', '4', '1', null, '沉默的羔羊', '一号演播厅', '2018-06-01 17:30:00.0000', '片长:118分钟', '2', '18', '45');
INSERT INTO `ticket` VALUES ('315', '4', '1', null, '沉默的羔羊', '一号演播厅', '2018-06-01 17:30:00.0000', '片长:118分钟', '9', '1', '45');
INSERT INTO `ticket` VALUES ('316', '4', '1', null, '沉默的羔羊', '一号演播厅', '2018-06-01 17:30:00.0000', '片长:118分钟', '9', '2', '45');
INSERT INTO `ticket` VALUES ('317', '7', '5', null, '钢铁侠3', '五号演播厅', '2018-06-01 17:30:00.0000', '片长:134分钟(中国大陆)/130分钟(美国)', '5', '17', '45');
INSERT INTO `ticket` VALUES ('318', '7', '5', null, '钢铁侠3', '五号演播厅', '2018-06-01 17:30:00.0000', '片长:134分钟(中国大陆)/130分钟(美国)', '5', '18', '45');
INSERT INTO `ticket` VALUES ('319', '13', '3', null, '三块广告牌', '三号演播厅', '2018-06-01 17:30:00.0000', '片长:115分钟', '5', '17', '45');
INSERT INTO `ticket` VALUES ('320', '13', '3', null, '三块广告牌', '三号演播厅', '2018-06-01 17:30:00.0000', '片长:115分钟', '5', '18', '45');
INSERT INTO `ticket` VALUES ('321', '13', '3', null, '三块广告牌', '三号演播厅', '2018-06-01 17:30:00.0000', '片长:115分钟', '5', '17', '45');
INSERT INTO `ticket` VALUES ('322', '13', '3', null, '三块广告牌', '三号演播厅', '2018-06-01 17:30:00.0000', '片长:115分钟', '5', '18', '45');
INSERT INTO `ticket` VALUES ('323', '16', '3', null, '素媛', '三号演播厅', '2018-06-05 14:30:00.0000', '片长:123分钟', '2', '12', '45');
INSERT INTO `ticket` VALUES ('324', '16', '3', null, '素媛', '三号演播厅', '2018-06-05 14:30:00.0000', '片长:123分钟', '2', '13', '45');
INSERT INTO `ticket` VALUES ('325', '15', '4', null, '死侍', '四号演播厅', '2018-06-01 17:30:00.0000', '片长:108分钟', '1', '1', '45');
INSERT INTO `ticket` VALUES ('326', '15', '4', null, '死侍', '四号演播厅', '2018-06-01 17:30:00.0000', '片长:108分钟', '1', '2', '45');
INSERT INTO `ticket` VALUES ('327', '6', '2', null, '芳华', '二号演播厅', '2018-06-01 14:30:00.0000', '', '9', '17', '45');
INSERT INTO `ticket` VALUES ('328', '6', '2', null, '芳华', '二号演播厅', '2018-06-01 14:30:00.0000', '', '9', '18', '45');
INSERT INTO `ticket` VALUES ('329', '6', '2', null, '芳华', '二号演播厅', '2018-06-01 14:30:00.0000', '', '1', '14', '45');
INSERT INTO `ticket` VALUES ('330', '6', '2', null, '芳华', '二号演播厅', '2018-06-01 14:30:00.0000', '', '1', '15', '45');
INSERT INTO `ticket` VALUES ('331', '6', '2', null, '芳华', '二号演播厅', '2018-06-01 14:30:00.0000', '', '1', '14', '45');
INSERT INTO `ticket` VALUES ('332', '6', '2', null, '芳华', '二号演播厅', '2018-06-01 14:30:00.0000', '', '1', '15', '45');
INSERT INTO `ticket` VALUES ('333', '6', '2', null, '芳华', '二号演播厅', '2018-06-01 14:30:00.0000', '', '8', '17', '45');
INSERT INTO `ticket` VALUES ('334', '6', '2', null, '芳华', '二号演播厅', '2018-06-01 14:30:00.0000', '', '8', '18', '45');
INSERT INTO `ticket` VALUES ('335', '6', '5', null, '芳华', '五号演播厅', '2018-06-03 17:30:00.0000', '', '3', '17', '45');
INSERT INTO `ticket` VALUES ('336', '6', '5', null, '芳华', '五号演播厅', '2018-06-03 17:30:00.0000', '', '3', '18', '45');
INSERT INTO `ticket` VALUES ('337', '2', '3', null, '爱乐之城', '三号演播厅', '2018-06-01 20:30:00.0000', '', '1', '1', '45');
INSERT INTO `ticket` VALUES ('338', '2', '3', null, '爱乐之城', '三号演播厅', '2018-06-01 20:30:00.0000', '', '1', '2', '45');
INSERT INTO `ticket` VALUES ('339', '9', '2', null, '黑豹', '二号演播厅', '2018-06-02 14:30:00.0000', '片长:134分钟/135分钟(中国大陆)', '1', '14', '45');
INSERT INTO `ticket` VALUES ('340', '9', '2', null, '黑豹', '二号演播厅', '2018-06-02 14:30:00.0000', '片长:134分钟/135分钟(中国大陆)', '1', '15', '45');
INSERT INTO `ticket` VALUES ('341', '8', '1', null, '海边的曼彻斯特', '一号演播厅', '2018-06-01 14:30:00.0000', '片长:137分钟', '4', '9', '45');
INSERT INTO `ticket` VALUES ('342', '8', '1', null, '海边的曼彻斯特', '一号演播厅', '2018-06-01 14:30:00.0000', '片长:137分钟', '5', '8', '45');
INSERT INTO `ticket` VALUES ('343', '14', '3', null, '水形物语', '三号演播厅', '2018-06-03 14:30:00.0000', '片长:123分钟', '1', '3', '45');
INSERT INTO `ticket` VALUES ('344', '14', '3', null, '水形物语', '三号演播厅', '2018-06-03 14:30:00.0000', '片长:123分钟', '1', '4', '45');
INSERT INTO `ticket` VALUES ('345', '3', '2', null, '安德的游戏', '二号演播厅', '2018-06-05 00:00:00.0000', '片长:114分钟', '1', '3', '45');
INSERT INTO `ticket` VALUES ('346', '3', '2', null, '安德的游戏', '二号演播厅', '2018-06-05 00:00:00.0000', '片长:114分钟', '1', '4', '45');
INSERT INTO `ticket` VALUES ('347', '6', '2', null, '芳华', '二号演播厅', '2018-06-01 14:30:00.0000', '', '6', '13', '45');
INSERT INTO `ticket` VALUES ('348', '6', '2', null, '芳华', '二号演播厅', '2018-06-01 14:30:00.0000', '', '6', '14', '45');
INSERT INTO `ticket` VALUES ('349', '6', '2', null, '芳华', '二号演播厅', '2018-06-01 14:30:00.0000', '', '6', '13', '45');
INSERT INTO `ticket` VALUES ('350', '6', '2', null, '芳华', '二号演播厅', '2018-06-01 14:30:00.0000', '', '6', '14', '45');
INSERT INTO `ticket` VALUES ('351', '4', '1', null, '沉默的羔羊', '一号演播厅', '2018-06-01 17:30:00.0000', '片长:118分钟', '1', '17', '45');
INSERT INTO `ticket` VALUES ('352', '4', '1', null, '沉默的羔羊', '一号演播厅', '2018-06-01 17:30:00.0000', '片长:118分钟', '1', '18', '45');
INSERT INTO `ticket` VALUES ('353', '8', '1', null, '海边的曼彻斯特', '一号演播厅', '2018-06-01 14:30:00.0000', '片长:137分钟', '1', '1', '45');
INSERT INTO `ticket` VALUES ('354', '8', '1', null, '海边的曼彻斯特', '一号演播厅', '2018-06-01 14:30:00.0000', '片长:137分钟', '1', '2', '45');
INSERT INTO `ticket` VALUES ('355', '3', '1', null, '安德的游戏', '一号演播厅', '2018-06-05 02:57:23.0000', '片长:114分钟', '2', '10', '45');
INSERT INTO `ticket` VALUES ('356', '3', '1', null, '安德的游戏', '一号演播厅', '2018-06-05 02:57:23.0000', '片长:114分钟', '2', '11', '45');
INSERT INTO `ticket` VALUES ('357', '3', '2', null, '安德的游戏', '二号演播厅', '2018-06-05 00:00:00.0000', '片长:114分钟', '2', '10', '45');
INSERT INTO `ticket` VALUES ('358', '3', '2', null, '安德的游戏', '二号演播厅', '2018-06-05 00:00:00.0000', '片长:114分钟', '2', '11', '45');
INSERT INTO `ticket` VALUES ('359', '10', '3', null, '红海行动', '三号演播厅', '2018-06-01 23:30:00.0000', '片长:138分钟', '1', '1', '45');
INSERT INTO `ticket` VALUES ('360', '10', '3', null, '红海行动', '三号演播厅', '2018-06-01 23:30:00.0000', '片长:138分钟', '1', '2', '45');
INSERT INTO `ticket` VALUES ('361', '4', '1', null, '沉默的羔羊', '一号演播厅', '2018-06-01 17:30:00.0000', '片长:118分钟', '3', '1', '45');
INSERT INTO `ticket` VALUES ('362', '4', '1', null, '沉默的羔羊', '一号演播厅', '2018-06-01 17:30:00.0000', '片长:118分钟', '3', '2', '45');
INSERT INTO `ticket` VALUES ('363', '4', '1', null, '沉默的羔羊', '一号演播厅', '2018-06-01 17:30:00.0000', '片长:118分钟', '1', '14', '45');
INSERT INTO `ticket` VALUES ('364', '4', '1', null, '沉默的羔羊', '一号演播厅', '2018-06-01 17:30:00.0000', '片长:118分钟', '1', '15', '45');
INSERT INTO `ticket` VALUES ('365', '6', '5', null, '芳华', '五号演播厅', '2018-06-07 23:30:00.0000', '', '1', '1', '45');
INSERT INTO `ticket` VALUES ('366', '6', '5', null, '芳华', '五号演播厅', '2018-06-07 23:30:00.0000', '', '1', '2', '45');
INSERT INTO `ticket` VALUES ('367', '6', '2', null, '芳华', '二号演播厅', '2018-06-01 14:30:00.0000', '', '1', '1', '45');
INSERT INTO `ticket` VALUES ('368', '6', '2', null, '芳华', '二号演播厅', '2018-06-01 14:30:00.0000', '', '1', '2', '45');
INSERT INTO `ticket` VALUES ('369', '18', '5', null, '唐人街探案2', '五号演播厅', '2018-06-05 23:30:00.0000', '片长:120分钟', '3', '13', '45');
INSERT INTO `ticket` VALUES ('370', '18', '5', null, '唐人街探案2', '五号演播厅', '2018-06-05 23:30:00.0000', '片长:120分钟', '3', '14', '45');
INSERT INTO `ticket` VALUES ('371', '13', '3', null, '三块广告牌', '三号演播厅', '2018-06-03 20:30:00.0000', '片长:115分钟', '1', '17', '45');
INSERT INTO `ticket` VALUES ('372', '13', '3', null, '三块广告牌', '三号演播厅', '2018-06-03 20:30:00.0000', '片长:115分钟', '1', '18', '45');
INSERT INTO `ticket` VALUES ('373', '13', '5', null, '三块广告牌', '五号演播厅', '2018-06-01 14:30:00.0000', '片长:115分钟', '1', '17', '45');
INSERT INTO `ticket` VALUES ('374', '13', '5', null, '三块广告牌', '五号演播厅', '2018-06-01 14:30:00.0000', '片长:115分钟', '1', '18', '45');
INSERT INTO `ticket` VALUES ('375', '13', '3', null, '三块广告牌', '三号演播厅', '2018-06-03 23:30:00.0000', '片长:115分钟', '1', '17', '45');
INSERT INTO `ticket` VALUES ('376', '13', '3', null, '三块广告牌', '三号演播厅', '2018-06-03 23:30:00.0000', '片长:115分钟', '1', '18', '45');
INSERT INTO `ticket` VALUES ('377', '13', '3', null, '三块广告牌', '三号演播厅', '2018-06-03 23:30:00.0000', '片长:115分钟', '2', '17', '45');
INSERT INTO `ticket` VALUES ('378', '13', '3', null, '三块广告牌', '三号演播厅', '2018-06-03 23:30:00.0000', '片长:115分钟', '2', '18', '45');

-- ----------------------------
-- Procedure structure for `selectfilm`
-- ----------------------------
DROP PROCEDURE IF EXISTS `selectfilm`;
DELIMITER ;;
CREATE DEFINER=`root`@`localhost` PROCEDURE `selectfilm`(IN `i` bigint)
BEGIN
select * from film where id = i;
end
;;
DELIMITER ;
